WKT,name,description
"POINT (4.4090674 51.2162438)",Oud Arsenaal,
"POINT (4.430168500000001 51.2077318)",Café Moeskop,
"POINT (4.4309083 51.2072643)",Zeezicht ..,
"POINT (4.430576699999999 51.20687159999999)",Café De Zure,
"POINT (4.4332283 51.2140218)",Café Mombasa,
"POINT (4.453167 51.1978635)",Foxy,
"POINT (4.4252357 51.199731)",Cafe Rood Wit,
"POINT (4.389654299999999 51.2063127)",De Nieuwe Linde,
"POINT (4.3971136 51.218697)",Cafe Kleine Tunnel,
"POINT (4.3515535 51.09341329999999)",Café De Koophandel,
"POINT (4.4441571 51.1562074)",Hoogmis,
"POINT (4.4944343 51.1633715)",WATTAN,
"POINT (4.4205995 51.21294339999999)",Clock (The Cafe),
"POINT (4.949702 51.3194395)",Cafe Chaos,
"POINT (4.942744700000001 51.32262610000001)",de Festa,
"POINT (4.5756915 51.1453279)",Cafe Waregem Louis Proost,
"POINT (2.863841 51.03275979999999)",Normandie,
"POINT (4.397459 51.219868)",De Ware Jacob,
"POINT (4.441894599999999 51.2158466)",bar Leon,
"POINT (3.2875517 51.3425428)",Estaminet,
"POINT (4.3251817 50.8725794)",Sportwereld,
"POINT (4.482132099999999 51.03059109999999)",Café Het Maanlicht,
"POINT (5.3064618 51.23140230000001)",De Kroon,
"POINT (4.9015676 51.2091575)",De Heide,
"POINT (4.4045485 51.22126530000001)",De Zwaan,
"POINT (4.403592 51.2214846)",Café De Kat - Antwerpen,
"POINT (3.0263191 50.9570401)",café 't paradijs,
"POINT (4.392956800000001 51.2135416)",Café De Vischmijn,
"POINT (3.1016172 50.802582)",St.Christophe,
"POINT (4.465465900000001 51.02175020000001)",Tilt,
"POINT (4.4605061 51.20957319999999)",‘t Mestputteke,
"POINT (4.714513200000002 51.2054777)",Café De Lelie - feestzaal en broodjeszaak,
"POINT (4.7925 51.4105556)",Café "in Holland",
"POINT (4.403291800000001 51.21449020000001)",Cafe Kulminator - Antwerpen,
"POINT (4.4229314 51.2186412)",In de stad Aalst,
"POINT (4.4799006 51.21922619999999)",Cafe De Veldduif,
"POINT (3.1994523 50.8370212)",Cafe Het Stadium,
"POINT (4.1399249 50.8317889)",In the Insurance against Great Thirst,
"POINT (3.4939538 51.2235237)",Café De Roos,
"POINT (4.311863699999999 50.87215329999999)",Cafe In den Hemel,
"POINT (5.385226499999999 50.9376561)",De Zwaan,
"POINT (5.3460472 50.93068599999999)",De Vaart Van Maastricht,
"POINT (5.334735200000001 50.9322378)",Cambrinus,
"POINT (4.393519 51.30284220000001)",In den Ouden Bareel,
"POINT (4.148852499999999 51.32770120000001)",Cafe The Drowned Land,
"POINT (2.8797414 50.72638420000001)",Café de la Grand'place,
"POINT (4.7188501 51.1257521)",'t Schipke aan de Nete,
"POINT (4.685486 51.172439)",Slappen uier,
"POINT (5.355256499999999 50.7686401)",Café bij Rita,
"POINT (4.4026141 51.2205901)",Pelikaan,
"POINT (4.4204793 51.218879)",Cafe Jozef,
"POINT (4.4082205 51.2160864)",De Duifkens,
"POINT (4.4109701 51.2203944)",De hovenier,
"POINT (4.402435400000001 51.22594369999999)",Cafe 7de Hemel,
"POINT (4.3964496 51.2188741)",Absjaar,
"POINT (4.427230400000001 51.2213471)",The Falcon,
"POINT (4.40891 51.2134922)",De Rui,
"POINT (4.4046809 51.213337)",Boer van Tienen,
"POINT (4.399643300000001 51.221628)",Den Engel,
"POINT (4.409457700000001 51.23343310000001)",Café Scaldis,
"POINT (4.418525400000001 51.2256718)",Café Monda,
"POINT (4.406360499999999 51.2310305)",'t Licht der Dokken,
"POINT (4.4154113 51.2196657)",Café Tante Lies,
"POINT (4.4248075 51.2201724)",De Klamper,
"POINT (4.4130328 51.2195708)",Telefoneke,
"POINT (4.4075432 51.2249632)",De Broodwinning,
"POINT (4.4157237 51.2484387)",Gaarkeuken 110,
"POINT (4.4005048 51.2206966)",Paters Vaetje,
"POINT (4.3997186 51.2216299)",Den Bengel,
"POINT (4.403609700000001 51.2213408)",Quinten Matsijs,
"POINT (4.400223 51.2183896)",Billie's,
"POINT (4.406851099999999 51.22380080000001)",'t Waagstuk,
"POINT (4.4050607 51.2298461)",Batavier,
"POINT (4.399221400000001 51.2056508)",Biercafe De Jordaan,
"POINT (4.430078899999999 51.063925)",Zennegat 13,
"POINT (4.175104399999999 51.11270499999999)",Praat- en EetCafé De Kroon,
"POINT (4.0802558 51.2518082)",Belgisch café (Ou)de Statie,
"POINT (4.2897835 51.30467909999999)",Café bij Marleen,
"POINT (3.2293198 50.947427)",Bloemgat,
"POINT (3.2466667 50.9252778)",Hazekapel,
"POINT (4.476548200000001 51.0246515)",Den Stillen Genieter,
"POINT (4.141729499999999 51.16365459999999)",'t Hemelrijk,
"POINT (4.3562447 50.8486244)",À La Mort Subite,
"POINT (2.6835897 51.1168212)",Estaminet De Peerdevisscher,
"POINT (4.430836999999999 51.2301659)",Poppemieke, Café,
"POINT (4.6170566 51.1518506)",Café Torenven,
