name,lat,lon
"Aalst, Aldermen's House with Belfry",50.938561,4.038322
"Antwerp, Cathedral of Our Lady",51.220455,4.399941
"Antwerp, City Hall with Belfry",51.221399,4.399268
"Binche, Town Hall with Belfry",50.41069,4.165652
"Bruges, Tower of the Halls with Belfry",51.208462,3.224652
"Brussels, City Hall with Belfry",50.846406,4.351412
"Charleroi, Town Hall with Belfry",50.412005,4.443717
"Dendermonde, Town Hall with Belfry",51.030926,4.098428
"Diksmuide, Town Hall with Belfry",51.03368,2.864544
"Eeklo, Town Hall with Belfry",51.184239,3.56681
"Ghent, Cloth Hall with Belfry",51.053604,3.725114
"Herentals, Former Town Hall and Cloth Halls",51.176946,4.835742
"Kortrijk, Hall Tower with Belfry",50.827733,3.265501
"Leuven, St. Peter's Church with Belfry",50.879595,4.701106
"Lier, Town Hall with Belfry",51.131041,4.569803
"Lo-Reninge, Former Town Hall with Belfry",50.980668,2.749169
"Mechelen, St. Rumbolds cathedral",51.029044,4.477893
"Mechelen, Town Hall with Belfry",51.028017,4.480926
"Menen, Town Hall with Belfry",50.796211,3.119912
"Mons, Belfry",50.453796,3.950097
"Namur, Belfry",50.463752,4.869163
"Nieuwpoort, Town Hall with Belfry",51.129471,2.751822
"Oudenaarde, Town Hall with Belfry",50.84374,3.60361
"Roeselare, Town Hall with Belfry",50.942679,3.124502
"St. Truiden, Town Hall with Belfry",50.815526,5.185749
"Thuin, Belfry",50.339834,4.286996
"Tielt, Cloth Hall with Belfry",51.000433,3.327139
"Tienen, St. Germanus Church",50.807874,4.93791
"Tongeren, Basilica of Our Lady",50.780917,5.464466
"Tournai, Belfry",50.605911,3.387947
"Veurne, Country House with Belfry",51.072479,2.662704
"Ypres, Cloth Hall with Belfry",50.851054,2.88553
"Zoutleeuw, St. Leonard's Church",50.833287,5.103239
"Abbeville, Belfry",50.107501,1.834172
"Aire-sur-la-Lys, Town Hall with Belfry",50.638619,2.396391
"Amiens, Belfry",49.895514,2.296218
"Armentières, Town Hall with Belfry",50.686401,2.882491
"Arras, Town Hall with Belfry",50.290938,2.777535
"Bailleul, Town Hall with Belfry",50.739729,2.734444
"Bergues, Belfry",50.968615,2.430833
"Béthune, Belfry",50.531908,2.637776
"Boulogne, Town Hall with Belfry",50.725571,1.613331
"Calais, Town Hall with Belfry",50.952869,1.853967
"Cambrai, St. Martin Church",50.174452,3.231391
"Comines, Town Hall with Belfry",50.765301,3.006608
"Douai, Town Hall with Belfry",50.367784,3.080274
"Doullens, Former Town Hall with Belfry",50.155555,2.34111
"Dunkerque, St. Eloi Church",51.035556,2.376117
"Gravelines, Belfry",50.986911,2.1259
"Hesdin, Town Hall with Belfry",50.373074,2.036385
"Lille, City Hall with Belfry",50.630565,3.069706
"Loos, Town Hall with Belfry",50.615,3.014714
"Lucheux, Belfry",50.197228,2.410549
"Rue, Belfry",50.272503,1.668889
"Saint-Riquier, Belfry",50.134444,1.945839
"Dunkerque, City Hall with Belfry",51.038614,2.378044
